{
  "id": "78ed43ad-cae7-4039-9b9b-89f9f6fb510e",
  "name": "Simple Scatter Plot",
  "version": "1.1.10",
  "supportedVersions": "0.1.0",
  "moodVersion": "16.0.064",
  "entry": {
    "file": "visualization.js",
    "function": "vis.visualization"
  },
  "supportedBrowsers": "Chrome, Edge, Firefox",
  "inputs": [
    {
      "name": "xAxisMin",
      "displayName": "X Axis Range Minimum",
      "type": "Number",
      "default": 0.0
    },
    {
      "name": "xAxisMax",
      "displayName": "X Axis Range Maximum",
      "type": "Number",
      "default": 10.0
    },
    {
      "name": "yAxisMin",
      "displayName": "Y Axis Range Minimum",
      "type": "Number",
      "default": 0.0
    },
    {
      "name": "yAxisMax",
      "displayName": "Y Axis Range Maximum",
      "type": "Number",
      "default": 10.0
    }
  ],
  "style": {
    "JSON": {
      "margin": {
        "top": 20,
        "bottom": 20,
        "left": 20,
        "right": 20
      },
      "xAxisLabel": "X Axis",
      "yAxisLabel": "Y Axis",
      "spotRadius": 1.5,
      "fillColour": "#69b3a2"
    }
  }
}