{
  "id": "1a4c06c4-b019-40dc-b248-7fa386a1553a",
  "name": "ECharts Radial Tree",
  "description": "ECharts Custom Radial Tree Chart Visualization",
  "version": "0.0.19",
  "supportedVersions": "0.0",
  "moodVersion": "16.0.82",
  "entry": {
    "file": "visualization.js",
    "function": "vis.visualization"
  },
  "supportedBrowsers": "Chrome, Edge, Firefox",
  "inputs": [
    {
      "name": "maxDepth",
      "displayName": "Maximum Tree Depth",
      "type": "Number"
    }
  ],
  "style": {
    "backgroundColor": "rgba(255, 255, 255, 1)",
    "series": {
      "top": "18%",
      "bottom": "14%",
      "symbol": "emptyCircle",
      "symbolSize": 7,
      "itemStyle": {
        "color": "rgba(180, 180, 180, 0.2)"
      },
      "label": {
        "show": true
      }
    }
  }
}