{
  "id": "8eccf304-1050-4abc-acfc-7655e317433e",
  "name": "ECharts Custom Bar Chart",
  "description": "ECharts Custom Bar Chart Visualization",
  "version": "1.0.0",
  "supportedVersions": "0.0.0",
  "moodVersion": "16.0.85",
  "entry": {
    "file": "visualization.js",
    "function": "vis.visualization"
  },
  "supportedBrowsers": "Chrome, Edge, Firefox",
  "inputs": [
  ],
  "style": {
    "backgroundColor": "rgba(255, 255, 255, 1)",
    "series": {
      "showBackground": true,
      "backgroundStyle": {
        "color": "rgba(180, 180, 180, 0.2)"
      }
    }
  }
}